id;job_order_timestamp;job_execution_status;job_execution_end_timestamp;job_execution_start_timestamp
1;2020-10-25T09:14:17;Web;2020-10-25T00:12:34;2020-10-25T13:51:18
2;2020-10-25T17:45:50;Executive;2020-10-25T04:46:04;2020-10-25T14:10:27
3;2020-10-25T04:44:23;Personal Loan Account payment;2020-10-25T15:07:12;2020-10-25T11:04:16
4;2020-10-25T21:16:27;Chief;2020-10-25T00:58:19;2020-10-25T12:14:03
5;2020-10-25T19:44:21;Central;2020-10-25T12:08:25;2020-10-25T23:28:50
6;2020-10-25T18:51:09;Sleek Minnesota Brunei Dollar;2020-10-25T12:55:37;2020-10-25T05:38:46
7;2020-10-25T06:33:42;Toys maximize Borders;2020-10-25T15:30:31;2020-10-25T12:49:53
8;2020-10-25T02:47:43;Tasty Cotton Cheese synthesizing Idaho;2020-10-25T19:24:13;2020-10-25T14:14:40
9;2020-10-25T04:19:05;circuit bandwidth;2020-10-25T17:08:48;2020-10-25T02:56:27
10;2020-10-25T08:30:31;Outdoors;2020-10-25T09:34:13;2020-10-25T21:30:53
